ID_encrypt,EnglishUse,Listening,Composition,Total,TestCalcLevel,Reading,Grammar,Quarter
0x013DC946D7A154CED86C221759A100E3B234D96E7FEF1138A2B3E94F46A73DA729746E2C4E2B6F2355D79D5F874A4DF9976DEA4A92DDFC128ED73C34D54E0788C6,NULL,43,48,186.72,108,40,42,2016Fall_ALCPT
0x01BCDDCC9302B8E6621C7A60872F3CDD24475D28F16FCE10AA99DFA50E3BD45BE8D53109E2B3F62F9F55B7E8C036506B27591C426E28998A9166B8364601E3FCF7,NULL,39,47,175.46,108,37,41,2016Fall_ALCPT
0x0179E7649A3B3C1F2918E34A68F39E64FD7A8A7BC0CD1F5205C6814B4E6BB0E2EDA885E1D115816DE533773ABF8090B5A1C052A5B7028BE39B5B094E5C0AD1E75D,NULL,38,45,175.37,108,40,39,2016Fall_ALCPT
0x019638C20533447A6D57544AEF6A34C761E19F77AD8BF99C820AD3CEF4D2799865E35C708BBC7F3ECB42EBE0C91D2D9C5C587EBA1904386661DE2A7408B3B4DF01,NULL,36,43,175.24,108,42,42,2016Fall_ALCPT
0x01FEA0140BAB481E21B0D0215E63BEC94787F6A6F478C47B64D73CCDECEF8E7B0CC52B7489429A21C2651EE5ECB5614691491852F702B01BA58884419BDD15D2C5,NULL,35,51,172.1,108,36,40,2016Fall_ALCPT
0x013D744430A0F453B006EB0F14599C5D4D9FA35B4DBA69E9D80A31A7119E56322430CEB30D5504143EDF8CEAA836576EFEF16648C231B6D4EAF19F52F057FFC618,NULL,37,41,171.68,108,40,42,2016Fall_ALCPT
0x0185DF70B7F2B8AECCA1F5460E44F59E80576393E270D186FD5FCBCAC0945DF17A506D93263C37B45D1C4887C376F3E67F1EDD9C4D3A1A7050C3F3E638D73BCCC2,NULL,39,42,171.56,108,37,43,2016Fall_ALCPT
0x017563F2F913387964D36F9B2B7B946B9D8AEC85E995CCF68F396FC48A190AF2D5A1ED1AD45D72A8433C5081606B629D38E81F129944725A115A5D82869C1D12A4,NULL,40,41,171.35,108,37,42,2016Fall_ALCPT
0x01F6751A2B573DED5D272D982C65FF5FDB843B9A3EC6F524622F4BFCEB4CF35625F94123EB60B616F32404594DDC63CCB9F24C72693D6B0E0647B08A0BBF0D4916,NULL,34,36,169.01,107,44,43,2016Fall_ALCPT
0x014CAB82DCBD897662E37DB5FAE00C9694AD4FF05AB00864DECA1912ED557B1AC87C4A17913393F4D29B13212B122A30127C8917D899FD0515CAB899E0B4638BBD,NULL,37,40,167.78,107,38,42,2016Fall_ALCPT
0x017796D260001174C84E5D60AA7D1EBA2A1BAB42C3D0B0714E230590EA5DA2E4A743DF5D70EE654FBFB1D2142B88F07A2FC6965D2281BBDCE851A6BB17F19CE876,NULL,38,40,164.57,107,36,39,2016Fall_ALCPT
0x01F23E5D539EBEDB3889E5DFA28F27FFC06F512143EC76A6A4F7406F2AFEA95D77D3D834FB2916803826EF5252C6828C6C41DC219A414ABC39499147F38A30B721,NULL,37,42,164.28,107,38,32,2016Fall_ALCPT
0x01DC293EED15A85243B50AB84CA642954DA5DD37FF5EA1D9233F3BBE8512E390369BBBB6655F0F80E17C1C455447A60B500B4AB8FAD820A5D71C2E646F6696B16E,NULL,38,44,164.22,107,33,39,2016Fall_ALCPT
0x01BAAF34F6A054B3B15C5FB2C8CFDBD33B33DA36BD6F1ECB2F6E166A3B342D566BFA856CFF4A7B8ED706654A91C65B581BB19796DDB145F7C03C0C37BF275AF565,NULL,35,41,163.9,107,38,38,2016Fall_ALCPT
0x016D5E08C64102CCC42EB478FBF736302DE970AF67ED29A2A82F328BDECF96035B5C063DA8FAFA0312ABC547A2E0064D3379EF18D8C2D029A15C60996E8D465E6E,NULL,30,42,160,107,40,36,2016Fall_ALCPT
0x01FB795831BCB14280298B94BCF9E9C732EB475AB39FB35E03441F20237CC62528DEC0082D7F584BD5CC12D4DBAEC8163628079D729BFCE13E972E92E5EAA15BE6,NULL,36,33,159.24,106,39,39,2016Fall_ALCPT
0x016EFA97C62754CDD085B3AE32381C5BA3BC64818664133C098A802463A67100DBBB3FA00EBF20D74C7ED3E88D07BF583660390D92C5D6701048CC888D371669F2,NULL,37,34,156.13,106,36,37,2016Fall_ALCPT
0x010C10AF22C6FC34A222407FE72F3FDEE7EDA9BC2A309553541FD69658101B5B5F1BAE085E7DDE87085734BA21351BAC861835A48F7294030DE22934ACE3E58A4E,NULL,35,35,155.9,106,37,37,2016Fall_ALCPT
0x01BF7E6BC9058984AEBFCA460952989294686C7307C438E3A2BB1EECD561553F6593FA518C2363C9BECACA6B4D14C340A2F04879DD847623F2FAD05E4A3DE4D343,NULL,28,41,155.62,106,38,40,2016Fall_ALCPT
0x01F18D7BA000C3F3A17662E9A685BE9EEC3743D0B4D113E6253C09F43CF2691FE8AEAE471178136E283BFCF879F046754D50CB463B7CA51F86C0432334268AFE08,NULL,35,37,155.55,106,35,38,2016Fall_ALCPT
0x01704D94958DBD2075174ED8CF38669BBBD29EBE14AEFD95211C5DD979E08A62A59D6DFDB10FFC5DE1A3701A72353B9083250ABC80BE60A59E413ABB92E4BA50B0,NULL,37,35,155.33,106,34,39,2016Fall_ALCPT
0x011CC639D60E5737B5DAA80E31B0177151E0B7262CC310E938572130B0BA0E9398B6BF9C54D952BB5DDB54532A2CB60D8EFB240E9E8523E75C2542B8B417C603C0,NULL,32,34,154.33,106,39,38,2016Fall_ALCPT
0x0100A9F38CF183CDB3639AC87506A6F6578F61600FE574D16A04650F05F83E61CD5FF9AE54D535C8C5E0E6BAF5100C11A723B833E3AC7E145FE3C8E153718F164C,NULL,40,26,153.95,106,38,35,2016Fall_ALCPT
0x013C74BDB6A23214839BBAFE7E2871B69CA2DD423635499473BE542B1A67034F67134475919E3BF590A2F0797B33D5BA830A459FE376E96A92B434FA3B3D1F533B,NULL,35,32,152.7,106,38,34,2016Fall_ALCPT
0x011B0FD5408AD8E230DCA6420AAA0750FA62B7C218DBDCEBF8902C085441C5EC59F933BFB6D5BB911BB3E9A14FB342D6713D586905D4F4F180052FE85241BE2991,NULL,39,29,152.56,106,34,40,2016Fall_ALCPT
0x01392869F791A6C153EE10783450A4C920C5E7D1DBFA16570DEFBD4EA1E34A0FEDDF4471F5E5DFA99D9E5993179CE4D26C579AB3E70042A98F32BEBA7FF3C32363,NULL,35,27,152.45,106,39,40,2016Fall_ALCPT
0x01269AB38BB7502FA916A6013367FBF601709C783F2E7DA23FE5F313E516D75E5E6054FCC41BB18B520FF008178B422810C8A97D2C4A09BC10F6590D13FA1937F7,NULL,33,36,150.22,106,35,35,2016Fall_ALCPT
0x01F4D51B9E05C97639371804D1E8A4B074813B908F80821485F1F23A609E0ECC00CA9AE2B95FFD1DBAA129F34BF3B672721140A2491CEA92BB8012C016C251733A,NULL,37,37,150.03,106,32,31,2016Fall_ALCPT
0x01EC02C00792915904B24EACAB3988969B9C63662E57F2D1FBD51B2D1B4672FC4E2C8EFAACD74B2B12EDF6BD643E557E458DC90ADBA8BA0F65B9218E3E75EB19EA,NULL,34,35,150.01,106,35,34,2016Fall_ALCPT
0x017BEEC9CA4425B2234268DB6E7F0B79CC4EB179C066AA4800CC3BBEB4F4B969E1823B7A7091E9342E0999995B4D28E9DC90987B108DEA612139E86857C8DB3A48,NULL,39,25,149.66,105,34,42,2016Fall_ALCPT
0x01B45F21821482025489203828A0ABBA8BAEF73939ABDBDB9D321C4009D40BC3F17917ADDB311490C6F3F160EB2E3A52C7F3A76314CFED25E32C255A029189DB6C,NULL,37,30,149.43,105,33,40,2016Fall_ALCPT
0x01FA25306C65FEE3E812A931B7AD8101798F1BF34BA5D5D73F72B6215B2111979B5759226EC110C9BBDFCB62B07D5FF01CE258EAEBDB9520DDF4FDA6528BD2D6AF,NULL,36,31,149.24,105,35,35,2016Fall_ALCPT
0x01B16A71EC6B36FE3D1C0E5501EFF1E85474B17288678F5D3846E8A53865E55563884F0FA33CB753E1016D8AAF8419CE87ECB2260CC61E8BBDA3591BCAAE8287B6,NULL,34,40,149.06,105,29,39,2016Fall_ALCPT
0x017F4765A3A0423AE9CAAF29D086BDDBBE9784A933B449ED09D5A159295DE30F8A6D3B3C2BD5C301FBC4E9D1B0C90E6304E5561AD678389802006332DA2D21C994,NULL,41,25,148.69,105,33,38,2016Fall_ALCPT
0x0170FB2984D52BA59A0FE2B20DD41815CAC43AC6A509DAC0CBA0551B08CF1180C94E2EE10CB674B9E45F9776D9FFCD6BFEC7047E6C1DDE82B65704D966FD10543A,NULL,39,29,148.01,105,32,37,2016Fall_ALCPT
0x01B039BAD9517B83C2A8CC0329B2EC3BDE0F63FB304D0022F15D03D0185997A488E53134C5D7FE5EE8282D6C08BEF91FF0A8E43529E60089967CFE8918AEF44D22,NULL,31,33,147.09,105,36,37,2016Fall_ALCPT
0x01FEA38494BBF29AB746601E06F82E5F066D4CF748510370DE91DD3FB0E738A1FEEEDD744EF0C84F9BF3BD90AD1B8C4C174B46667B81F68BD4DC128B7978D40DFD,NULL,35,42,146.95,105,26,37,2016Fall_ALCPT
0x012F54197D4EEE73B0AA567F014B457CE1CECF534F98C9415F6D0A9DAAA56F506F83A3DD421E901EFB0A29CB6FD656F62EE84C0D7B73671D0CB77FFC12DA68CE0C,NULL,29,38,146.71,105,33,40,2016Fall_ALCPT
0x0109F3FD0977A9AF8A0EC4FCA8708F1A23B82ACDF291D1B3BA2074ABBF8FC61F506AC35C884C2DDA9FCE38CDFF1B365280A70CA24E8862A0E2D6BBB2371252625B,NULL,31,32,146.44,105,37,35,2016Fall_ALCPT
0x0187EFE9B885AAB4150A7DDFC5609724A3DF099D3F1BB3F68138D53C2B872302D0B4B75ECA9D9EC32E88DAF70404FAC6BAA678572FDE1AA476ABCBA421267CA27F,NULL,36,28,145.89,105,34,37,2016Fall_ALCPT
0x0165BCCE9A553481DDF8A57200C7A1E6DBE1D09E7D0437F780623AC6F0CAB41B9BC24FF7DFBF7A5C4E87DCD72E04066C40D5CC4506A7EECC56DFF1BD54ACC2D72D,NULL,28,42,145.72,105,32,36,2016Fall_ALCPT
0x01AD4344FA7935A544481E55C2ED9476C36E6C85A26D4F1B44439C8B8EED9ACB9E8583DB20867C778A2BD8065717F9215A742E6E2A2DF7FCB6EE1B83C0D8C6BD4F,NULL,35,25,145.7,105,38,34,2016Fall_ALCPT
0x011E0AB67C31F70107C8F4EAC9022732740870E0B99E3D9E9581A7E6837F15BA970AECB23ED386A180C325CB7956F2A06916C4B35D5BFA9CE14DB929E6B1E4AB51,NULL,33,43,144.17,105,26,35,2016Fall_ALCPT
0x0142FAB69CD12013EC894A9072302F048483543E181939DBC7C8570490B698DA06F36705F3A9EADF468ED4EE771AA65E261FE10D02B7F565D52561349EC2E5571E,NULL,31,33,144.04,105,32,42,2016Fall_ALCPT
0x01600315C9FB3AA74E488328DE554C677BBC78308EC608A8D61BF64A0ADF4A6EDA7F39C0926DAAA35BA98566C4F0922FE82481EBECD0634B1E58ACE00B5F431734,NULL,35,29,142.8,105,34,32,2016Fall_ALCPT
0x01DE4A87B267E6F9C58164C9D3BAD360C27B33794F01244B5B660A0CB268E84A98CC8A5F2CBA3A78CA93C209B86D79624EE403A63211A1FA46B9EFECB59944EB2D,NULL,28,41,142.37,105,30,37,2016Fall_ALCPT
0x01291DB518B5DF5DCCC059CEB208CD31EEC23FA369D76A5148BF82FBDE47DC91FCEE46B7DF639934EE2FEB6AC758FF76A8259B3F9F1C4D254AC436CFB6094AB0B8,NULL,31,33,142.19,105,33,36,2016Fall_ALCPT
0x0151A861AEDE8AB4C0AB250A347983245CDA4A11EE1AEE6C8A7C3BB6DBC7C722331603D4DD8D45DB14F54EBD48C99F0A06D517E342A70BC98035CDB4C0854870C4,NULL,27,32,142.03,105,35,42,2016Fall_ALCPT
0x019097A1A39AC7323FBACA0CD994F31BB4A12EC3123A5605839677890CEEA10627C82D98C7FCF3CEE2B8F5F5279ECE1E11CE437BD04723D38601B396D4FE06ED1C,NULL,31,32,141.89,105,35,32,2016Fall_ALCPT
0x013DFDC6A60ECBA3269841549D07D991B375B6B30BEDEA10B5E73BE1C4C2D951C0E15677263B8F1569A1FBA9BDFB9287D4467988B7742E0358A86E154F0FC2F1AF,NULL,28,32,141.37,105,34,41,2016Fall_ALCPT
0x01FAE5CAC5C3B34C72A3DFE4E8344FB111919861D3F356A3496FE12E835ECB72E4C1819695B1CA68108425A889DF6C53F645258DE5E5BAA992A56C60A4A0757F53,NULL,34,30,140.66,105,32,34,2016Fall_ALCPT
0x01019FAACE4590B7A6480D5239954B3EE66C07968458F47F9BF41B0CDBBAF6D3C24D3777ED87291FAA35D8B187D64A3BFEDF5EDF240B924BDA770DEE1384F247D5,NULL,30,44,139.7,105,25,35,2016Fall_ALCPT
0x010EF27EFF22893F3EF9F1403195771185DE78E8CCF25E494156D4B1C0DE818C43821A59724209032DA2B6D946E03AB159DDB8CAEE480CBD3E11CA430668A3A61D,NULL,31,41,138.94,105,26,34,2016Fall_ALCPT
0x017812D48571850342C7BBF34B606FC19E2A24A1BA1A1A775177F956894B09AEC40DAF51F6A90BA2070F0E7670AFC6D7DABF952E2CFE97796E1A9A6828580F9DDB,NULL,33,32,138.22,105,31,31,2016Fall_ALCPT
0x014296CDCCDEC4F97819712589DAAF8C4AAB3CD22A776018AAC11AF5BEFB85B5C03257B387578859040EB2AD87D679EC4F4B1B242470E4D57C75462766B31ADBBF,NULL,37,21,136.43,104,31,38,2016Fall_ALCPT
0x01C73D1FDA0FB9B5469AF911A1D3812DAC0AE91B7E11F6610D27AE3A86F59ECDD5AC5DB3F83307D3F2CD0B68689292BFE041EA073B0215A0560EFF917FCC543787,NULL,32,27,135.93,104,30,41,2016Fall_ALCPT
0x01B1262D7975342D236A09E9A44E34121B5CB891298E941B87D01A4E7A87495DEB319576082794B1E7844573DB02D2E8A9CB17FB05AB5BD238DF40A10C248E6083,NULL,24,29,135.86,104,39,33,2016Fall_ALCPT
0x01FDDC87A6A7E2F43D401E718067EDA402A6D76B71210F8FE953A540B2554EFC13269098F319FDDFBA3014FC3FCDEE8E7894BF8577E1267AADB12672D11D5FB1C8,NULL,30,26,135.65,104,35,34,2016Fall_ALCPT
0x01EA7FFC9CD1BE38E523E38FCB6F7AFC353B50095B215EC91BE0EF28EE890B6DF5EEC9BC1825B0889DD34052B7E2497E5BADBE8E8B919B9589587978752392B3B2,NULL,33,34,135.52,104,27,33,2016Fall_ALCPT
0x0163F5BA136876FC92F1585525EF269A961518FCA0A1ADBFE53DB9CF2E5FA70304C1F678A477E89B3184E5C4080DC15F74BD482141930A3C1F26AE4997392A7BD8,NULL,28,27,135.07,104,35,36,2016Fall_ALCPT
0x01779ABB01FFEC8F378184894C60CD13AC87164130CA84E4574853F860E701090FEDC1249C8EFF7D9C7D35FA067A6FA8AB3AFE0CDEB305E06CB928DFA6EA7874D4,NULL,37,35,134.03,104,25,24,2016Fall_ALCPT
0x0113DAEB746373C0BCCE382FADADAB1CA660E747B5B40BC59B2C476CF8D5E042A359F15E9A9E9F8E4EB528EF792908A328A75A3928904F2B1F26CB3075CF131D6D,NULL,38,23,132.32,104,27,35,2016Fall_ALCPT
0x0166BC37F28B0E41586D0A6FC20FCFD5F381E9E00E824E359DE5470B27F919C04D658696F4E0064125DDE3D4AD511DB157695993097F4FE935CC53CF02678C97AF,NULL,33,32,131.32,104,27,29,2016Fall_ALCPT
0x01414FF54DA947BD0C780C6E5F6CA087D61D83C454A35B83B1D9DF960125FDE4021C6B60B5EA46F662B551A4C6DD4FA8B982569D84175AA908E147BA8F03D00A44,NULL,32,28,131.28,104,28,36,2016Fall_ALCPT
0x01B228910DCF731574BB061C53CA543C954508DAB4002CA9396E008D8805687EFF3A7ECDEF6AEAE99482797F134C262EDFC8A0A71A95FDA81D655C20F7618E756A,NULL,37,22,130.88,104,28,34,2016Fall_ALCPT
0x01C3E7C1145AD4BBFD3E571A5B2458DDC9A1C6A735A3AF0D7A762EA32B1A8A70AA17D4CCC7E01660C9443E526A5BE5324DA79CC10A85E81BF8E7896E58876B9921,NULL,32,21,130.78,104,34,32,2016Fall_ALCPT
0x01BB668E7221CC38C8DC129A2E31D3565AA88C5B4DD7062DF892422F22CB50D3C85187623A51E957480FCE5F4E4EB28C9038117CCD56B60AEF7CB569226AF84CDA,NULL,35,32,130.75,104,24,31,2016Fall_ALCPT
0x019BF03AD8B5EEC0368F469D17F0225CBE388D5098041DD6D823C4475385746FA4D4C2BBA1477538F5B176F978FA66602FB963F885CE1F91B33DCA6DD6468714C8,NULL,36,20,129.54,104,29,35,2016Fall_ALCPT
0x011A5929116B11F90AB39F4360B8278A5F481633E426CFA88CC1D08ACD5EC532E7BA7CE4257493764A90945BF9E2745A760BC90D486A1F2F180ECFFFE409A8609C,NULL,32,38,129.48,104,21,33,2016Fall_ALCPT
0x0178A8A04FFD2C16397FD9C1E8336B23CBAD0CBBDFAE6BAA53D33188A2005F2398567B14D6D7B4ED33AF836A711B692DEAB5CAB941CC4E8EF5F912301F1263BE74,NULL,34,23,128.96,104,28,36,2016Fall_ALCPT
0x01E896111C14750FF43CDC8C9BDBD6C7A4BB04A121DC102D37155D43FCD7A19A90CE5C6CD6F17A9615F4C050E5041961009F456A04B880512CF959687682F2BBCF,NULL,27,22,128.68,104,38,28,2016Fall_ALCPT
0x013EE58E9CAC52EB892CFCCA93C73E989F96A3E4DD475DE3A098FBE9505195954AAD0624DEFA9CECCAF07BD659D7FBE2E3902B18699982A892D7074859335922C1,NULL,34,27,128.41,104,26,33,2016Fall_ALCPT
0x0146DF1C0B2BC4E17A9E186F0AADABBBF4C6EF4B4A05A2A807CF475AE6DB493D24E3FAC8DB394B228832AE7849D0EFF2909B4DA0BFDF337B3491CC8E6D48D52DB5,NULL,29,38,128.11,104,27,22,2016Fall_ALCPT
0x013A12DC881CBB8BDC605EDCAF5211ACE3D3B8B5CCB151576BB9E7DCBB0152CE618236729DB1CA14C025692CB7362566084ECCE152BA5471E3AC84C136DB142E5A,NULL,30,26,128,104,32,28,2016Fall_ALCPT
0x014C8787F4F4D3BF55771E9F0D201AD5A27142F33FF06F2E6C44CC888C8075D030158DF4F9585EB75ADCC1EEDE4BDE076870CF3EB6A708784E19A38D723449F874,NULL,30,26,127.65,104,31,30,2016Fall_ALCPT
0x01D3F1EAA81EC55AE285DB917AA4005BDC5B788B7BE6FD307CBD8D52FA853F68049769773F1D2403967EEAA2A3CA0747BE432D7FC937BA68C4BD55DC16BB4E129B,NULL,33,18,126.42,104,31,35,2016Fall_ALCPT
0x01A9DDAE0772754BA157D982143B06D45F43FD9A66ED4AC1CA2B5079248F5FDB6DA49B6B91FBFB1209353AC6E561964389CE758144DF5104B37C0F6F598DFF9C33,NULL,30,31,124.25,104,29,20,2016Fall_ALCPT
0x01770E0D3DA0479D853E6492211A346749D9AC59E3C5CC72F66C730FFDE98AFF367CA545BED31AFFF4440EF0000BC850A0A458C6A64C7047BE3586141928B31BF2,NULL,32,24,122.93,104,25,36,2016Fall_ALCPT
0x01DDFF88F41DCD9450CBB6DD6E8B7B102D3B40393B224C7A12E03D8B0C3A7065462D98F0FFE1A2242049296EF5AEFA7DF431B50C44CCA294BFD7BD80AEFAC47AD7,NULL,32,20,122.53,104,29,32,2016Fall_ALCPT
0x01A412DA4079427A0788F88F3E6AC90E0EB226C31FA800A5AC46752693F6AA936C7CF72A766B7DE3E5616CF245CA529437FE4FD51330DA0BF3AC1DE8BA0D70E656,NULL,26,27,121.69,104,28,35,2016Fall_ALCPT
0x013FF9FC4DC0D8BCEC60559316C556AABE814EE3360B08052DC7F3ED71FB5222442516D21C7DFBEC06152CC34115171610F8C8FE4CF17FF6700E142E8F63A3B6C0,NULL,32,21,121.03,104,25,38,2016Fall_ALCPT
0x016A4E9B69012F5D4B263694C6030EA7833A9BFC2FEF43E45168FC8FFB689E3FEBEECF2425D9E8F7BDB50945E9AE6D4A46524F4E6182BCBDD9EFF63EFC7262BFE7,NULL,29,33,120.96,104,24,26,2016Fall_ALCPT
0x013DD4042802C253619899287AB03F633379EA2261CFD406E7234D63D82B2D3B5E3DBD2528FC1ACFE4D79A6356B30F510BA6900812E8A436ABA4981E2FECF226BE,NULL,30,25,120.7,104,25,35,2016Fall_ALCPT
0x0151ABE740074A17DC4480FCD30CF9CB0DE571F8460B5AA666D4DAA3784590F8F67C1421FAA55AF882A2457A31E220FB9DCD7B55A2661656633FE425F7AED07FAE,NULL,27,22,118.93,103,29,34,2016Fall_ALCPT
0x01556E04A0C84148596A453AB9AD45FF580054B6DB4FD0239C7DCF3173756931614CE100CDDBD43BFCF0E9095EBF3D3476D9DE066144443DE5C46C42D024E2FD10,NULL,31,27,118.89,103,26,23,2016Fall_ALCPT
0x01DC99DF4442A3D6215B4E4F9504134337DD63DDE64596D7F315563854073F94B1CFDC3138DF70C06420B4F1D640607CFBAEEFFA536C857C299CD5024B192CF553,NULL,37,15,118.23,103,26,29,2016Fall_ALCPT
0x016AAB34C41F21633479840EC2DA354DC827F52D552555047F47C4640D9AD0FDD84ED88077A74E1920A925EC3CE2C3F7180DAA5C085FBC4C1DE0ECF08E88B2CBAA,NULL,28,26,118.22,103,29,23,2016Fall_ALCPT
0x01D2FED2789479C81D20A418FB0B70C0B7B8A90803E4941442E117D7A836E1FE903B9C5C220954E9FDE98E10BDF53C2C1BA3AC3FC5BDA37D118CEF83BD0844308D,NULL,35,11,118.15,103,26,41,2016Fall_ALCPT
0x0168E39F4BEC67E7ED291AD40A327864EA8C264DA7EC1A6950D35EFB4BC754EC348C0D4AED1818741802E2DF9682238FC56CAF0E8A8DDBAE0E6A0CCE3B43E374FC,NULL,34,15,117.71,103,25,38,2016Fall_ALCPT
0x01AA26A2A9EB3880DCC49D9303439A96230D71652D525DCBDABBFB515A18A3FCD899D1CDAB2F3F05B7AA681013D8F32852AF1B28C1EB0A74650B752F4E4E8A40C1,NULL,36,14,116.99,103,26,31,2016Fall_ALCPT
0x016A355A5F4A4E88B668067CB68122A29DB339AD77A2DFB616DD884AA816ED887643AA252AD0AA4A29A572E40998D7CFA5BBF157093EC2007A1515FC0A7CED259E,NULL,28,17,116.47,103,34,23,2016Fall_ALCPT
0x015A8518E3E3CBC888076B181A55AE0BE5865297E7E106E832F2D49AD3E97101B8A9EECA41E36CA87C990B40F52F67AEC0E0659643F04CA3BAD1BEC9E380A4A7E9,NULL,27,22,115.13,103,26,35,2016Fall_ALCPT
0x010FCAB8177EE33C332DC1D144BCDC6E39709195E7777AE203E56ACBAFDB39164D9759E11A9780BE71D9EE3ADDCAC058DB3EA759F8E2C0FCF7171F37E28AEF3C14,NULL,31,9,114.74,103,31,35,2016Fall_ALCPT
0x01555D4BFFE1161DF7BF05F38A2CF3E34A2AB3162DE6791397B240AF06F4CC2A6165D53F9325CD412D40E96AA09F91B9A74B24325898FEC6E4D7E231B08EC72532,NULL,27,22,114.43,103,24,39,2016Fall_ALCPT
0x01BFD0141ACEA178CE748C2BDE56236A95DB54B782A876E6E3DA45AC00361B62307033AB501040670891E3945D90C5719F4733E818B4D9A6EE37E4A02CD9D17747,NULL,29,28,114.36,103,21,31,2016Fall_ALCPT
0x01ED9F2320509FFD0C559D6D3605CFEDCD5ECC47A97D6491CC1F8436A505959114436BA23A490403B9180D509CEB5871843C6CA94E38E5308C79D4AC5E4CED9FC0,NULL,33,13,113.62,103,26,34,2016Fall_ALCPT
0x0109AD5959D699B3C839D7873E0BFAF30DF61E3D2DBEEAA7968BEC8C137DDA8181C0A9FB62D7E823386527D827917C7E55E6249F04B3187EC026FBA9532BD1B217,NULL,25,36,111.3,103,22,18,2016Fall_ALCPT
0x018B3D568F03C762B591C46DD6E83787D6A8A325A09E3AEB4B492CC3CDC858B695FCE5DFFCC48556AF06FBBDB06A7FD4036266C1AA5A12BA3A040229CF1E465489,NULL,28,19,111.27,103,26,31,2016Fall_ALCPT
0x010C9C413917DD64B2A91CF5218F2CAC45CE8022243A0DEDB08DF5FCD321E51AE70837F4ADE0264EC9790FDE81FBAA68AC544B79E4979C0D3E6376B8957D359B4A,NULL,30,21,110.7,103,22,32,2016Fall_ALCPT
0x012A09F95101807404FF07E4364386A87576FE301ADEFDA48442010292D67902AD9DC61EA4ACB1CC1E66BD5403F94A0EA5E57FAB300E6FB2711F52ACC585805A87,NULL,30,19,110.15,103,23,32,2016Fall_ALCPT
0x0101C159BE4B16111E1C9088132D9F6F630424CA7F40B6C71DF5FF2502E64AD0EB7F2E69235C940CF0C039814A1703395176904CCE2DF86725F510D136588C6748,NULL,28,25,109.42,103,24,22,2016Fall_ALCPT
0x017D1E84948A4C4301171C627EDDB891591E4D85A6B1FD518841C3736BD81BBDF2E734437788D365597D12367F2337044712DE70C366A370E4123460801EE09B63,NULL,24,29,108.66,103,21,31,2016Fall_ALCPT
0x015B266774BCD7833527421900BDEB4BDB56FA139B85D616F2C7D6A7248C1812EB587B4C44F7464E79BDD20FF1C1030B1CC6081EFD443E0A05F996CE217B2FD6C3,NULL,26,26,108.49,103,23,26,2016Fall_ALCPT
0x01A5C97144BC8E7C5AE040F6799664D6BE02249A064CEB933CD2B2F6D765CDA8E1DA51D92B1EA453BC204211064764F5DC9E142AB93B4961E91E2A1F16829AA3D1,NULL,33,23,107.92,103,22,16,2016Fall_ALCPT
0x0160B9D222E6BA0F510945C9B7FD4C8C9FC76E3034343F2FB499CE489AE1C115E4556D40B4AD45ADCB82C0A161F826ED33501587082AC2ED628D688C5558D3EF96,NULL,23,19,107.32,103,26,36,2016Fall_ALCPT
0x01545C4D84D36290CAD3B49D0401D16D0238002368F6F65202AC24F87BAB9C5E7485CB841A0920FA4EED838EED0D5FDA64345D92C0A8DF169911FA19FB00DBEC87,NULL,19,33,107.26,103,20,36,2016Fall_ALCPT
0x017CE9A84CA25CE1C466520586A452CA8D5E0402A597196FF7D91B424D3853FC9F2DAC78A8CC976695297379760DF1B70B412ADE9A0B05F35A52DC011C9F7392B0,NULL,25,17,107.25,103,27,32,2016Fall_ALCPT
0x0115AF469CB94A4EC71DB5B9891D776B4DEB530F84D48A38AA2241CE211F0566B8A021B8E396D4B4380AF8CCC44FB0F2E64F1711B9E3B08BD929DD04BF56444567,NULL,28,19,106.57,103,22,33,2016Fall_ALCPT
0x018AD18B601231FE8C474C4937925DB6E3CE96004D17BD2B0A04CB883CED4FE0AA29FA4C93924FA2848C2FA1E20BC997E37406EAED374FCB500F9A69F1C6C7C492,NULL,28,16,105.72,103,25,29,2016Fall_ALCPT
0x0141CC6F459631544DCCF6DDE7A2A405C3501250E1F1B721255BC1CC08B201A77C43DAB00EBC50D4252950C06355FB1DF219E280893369AA7C5FFC05E3306F5B95,NULL,28,21,105.67,103,20,33,2016Fall_ALCPT
0x015D399BDBB6A0B8223F12234D4CCC44977244C9F5B619F505403457317FF5C0398EB796683C523B8129E3975E83B2949D629ABF2A0567FBC2A65B0EEFBF6CA445,NULL,27,16,105.63,103,27,26,2016Fall_ALCPT
0x01BDD09EC52E22AD1695A84D97F22167512A53E36F6D91625EDF341A2FE5590FB418F041AE70222DE7615DF90A9BC62FE6CD376F26AED5E8C774D7EAAB75E0FFDF,NULL,26,25,104.99,103,19,32,2016Fall_ALCPT
0x013F37AFD61E075778E733AB96F0D241D91937805625B90150A327D9B385C9067436E313849B0B0F39F31C1943728E06491F0162FEA56D66B439AD86E15060BD8D,NULL,21,31,104.64,103,20,30,2016Fall_ALCPT
0x01EC49875A9CB23A49CA04E9D2F0BC766621124CD945BCDAFFB48BE3F14A46C03A81B0397C9E7898F76F81EC96B5196B380F2379E4DBF2ED797CC1433607AE8DF9,NULL,22,9,104.48,103,33,33,2016Fall_ALCPT
0x01DF25770F453C17B0C3465B453E4C9FEE915795F4FDE5F54217742E7499B26F5A2EAA8D9B11F460926347E2267F92075B2B7F3A14973AE2699F4D0B4C9103CFD6,NULL,25,15,104.45,103,31,20,2016Fall_ALCPT
0x01EA55EF5BE9C6B430989243E0784BFCED3C355776B2E06BE11F464C892A2D414FD0FFBB35FCE3E5EB57374C7686CED9E947C120F00DFEBFC1FFD3DC7F06FE895B,NULL,32,11,103.18,103,23,29,2016Fall_ALCPT
0x01D48A77DFD31A6EA225BEF0C00F202CD7C6ABFAAD438856F3BA6F259DB3E62C98F91AC9D2CD16BC1C6C5DFFBD15D89D68A255AD5D12E2783AD28CD84A939120FF,NULL,25,19,103.1,103,22,34,2016Fall_ALCPT
0x01BAA95E98EABF5C1F9558E652F9DA8FB0E22695047A6C8A8C22F8A5C1BCD0D012E5CA08192A272EF66C4EF9AC47F8017B7AECE48C9F0208EBBD5FF99678255E46,NULL,19,28,102.91,103,25,24,2016Fall_ALCPT
0x01EF3D35A5C5C7F295843F0ADCD209164514C0B96A2499DA81068EE8F88E11B560C624A0E07DDDD1DB30F353D08E9873A38C77C5FF2AFCB753C0133D22F7049324,NULL,28,13,102.37,103,24,31,2016Fall_ALCPT
0x01787FBBF7860ECEC92FD8164082B4BACF9F3F533D508EB28C39F9796354BDCFB4CF2022BC0BF1DD1F92CBA1C039351DDEACFBBEFAD15A17B8B5A58B92950444DC,NULL,26,16,102.34,103,23,33,2016Fall_ALCPT
0x017825C8EF8C46ACED710083CC2727D0884E589BE73E42AD3DA6E5FB92540C5FB0BD934E9B6A7ECD28571F5A576F9F50034ED50F61742EF47E220C80F1156050A8,NULL,35,8,102.2,103,22,28,2016Fall_ALCPT
0x01C2C8969A2C12B53AFB01B639D7D0BC075563BE6ABA58C1430CE6D4C2402101B991B7CC5C4BD10C2B714F3E4784E92894B95F4DBC3F395A75E811F1668EA44231,NULL,26,15,100.54,103,27,21,2016Fall_ALCPT
0x01F0D25592DB1181EC2719E944FA79B9763BE63BA7BABFEA76F8A71AC9FC3BC80A8F014BAD00429121F78E83021E7F795BD13320A3B558977B46872C69C274BDE3,NULL,28,13,100.37,103,23,30,2016Fall_ALCPT
0x01E68A5A1EE8FFD5487E14D2F11832AC5C09FDA48F7161B02EE9323388F4D5DE8265878D9BF60143402C3915570C296611D694A4A688270A6E157A56D43467C0F6,NULL,23,26,99.92,103,21,23,2016Fall_ALCPT
0x01971396343C8F481B8124ED4872E0E6AD7B4F0A06CF691A82D47CF6FEFEDCE4FDCA421B307BB5788833B67622921167FFFB908C7A13B4B951DF9199EEB0AEAB8B,NULL,30,18,98.95,103,19,24,2016Fall_ALCPT
0x01E1A7B8ECAF7942677DD5EA4A94FC25A42D42958C44A9CA6A128CFD547F329FC50368488A5FC0E4FF31F13988FAB8ECE1D104955171B524725D23D392F08B54D2,NULL,24,23,97.16,102,21,21,2016Fall_ALCPT
0x011E1E521D3CA62FA6E5C6E8968C9FEF62004FC14F58B0C34D231ED68E15FEF4948D0A322954069CF935A20D9C9D130B55EDBB3C224115FB502586F98728E09B64,NULL,19,25,96.71,102,19,34,2016Fall_ALCPT
0x01D22E1CDBAD1BEEAD829BF34AFEAA9A8A5410F1092D570E10AC57C4953E55831333CD16D76297B2BC32AB5AFB5EBE29C79A59E03099257A11DFAD319B7801EA2C,NULL,32,17,96.63,102,17,22,2016Fall_ALCPT
0x01C21AAF78FAB5AFC18DFDD787C039226446F716CEBE39F8D85CF849592F9471F41E65B0F0CFAC3539A17EFAA83799E0F80B3359A6DCDE29800EC2B65A7EAA126E,NULL,22,16,96.43,102,23,32,2016Fall_ALCPT
0x01BE992F11BFCBBD08E1E2A7B2BD5EA74B61D98EE6FB5FB58707E571B4B1F7145291FFACFE3F509A4184A694E1BCE62B07939B89BC9DF78D8A3E8B9C5D624B5B49,NULL,27,18,96.38,102,20,24,2016Fall_ALCPT
0x01348EFF6E652AB8391131CE9AA853DBE5E187F90EF951450D9BF11DCAE90A83E5FACA963993D763F97AFA6565C2D16EF133597EE5BD073598EE6881BB1853C60E,NULL,24,17,95.56,102,21,29,2016Fall_ALCPT
0x01909B9B332308942CA66B9C68EF9BD03C75A537F9FB25D111CA2174C2D94808B6A55549A8D65DEDAE01650BF6534CDF1C49AF79E50B18305CE5C44AFC9B2DD9C9,NULL,26,8,94.49,102,25,28,2016Fall_ALCPT
0x01C9F8160A11BEBCDC96BD3F240F47A985068F5B45CD00B02ABDACEBE4D9D0F3EA708B5483407A70FA0B8550D720BF0F170BC149E895A1BF2F9BA2C4250992F0ED,NULL,26,13,94.04,102,22,26,2016Fall_ALCPT
0x01CFFB51F29C7A7266240881D7208A1433A3C55EB13ADAEE39ECD964E81144CE170BB22087036DE5D8C182D3004CE390666B9C6F8A3970A0DB1C5652550E18FB2E,NULL,22,24,93.53,102,17,28,2016Fall_ALCPT
0x01A1EE0DB2C9BFE6A72083DADF03E8FE72488446C7B521BF94490EE07AC9531284E338B35103CC3C65C41468383F5FBCD91EBF46AE3A096E0C9B429C747805B9D4,NULL,20,20,92.45,102,22,25,2016Fall_ALCPT
0x01CEF0ED061BFA6ED5078CA6D395E00A322593E8FF90A72ECBC021B24473F7DD024E1D7C688514AAD7B8D312398403DE3C2720F9D86C1E893A3F004CA61FF25DA9,NULL,23,10,91.52,102,27,21,2016Fall_ALCPT
0x016C4C27B280919E996C7A5BDEA3965941FA1501737C5B61DA363CCC688D8A4C39975D866A0A7016D3F64A3037D29FB07E8058703BBB6C7723908816427D7F9B23,NULL,28,13,90.72,102,19,23,2016Fall_ALCPT
0x019E0DB2DA63E8FB349955EBDD07A0F73AD19F19DA4405E18FAE81E2BE36CD2C193CD283D1081BCFA808AFE1805A06A3CF8268E168F2FC928C2AFDC1E0A02F55D3,NULL,24,18,88.76,102,16,28,2016Fall_ALCPT
0x0101D844B94705F264DAF80973B4C3B9659B0B4242C7F4857BD5F0B7131086BA8024E4E3D83C3E0B718075946A9AB82247981F0BB0EC63B12E3D5810E9437F16AD,NULL,25,14,88.4,102,21,19,2016Fall_ALCPT
0x01744529B339BEBA2AE682A9B01DB408A2F4966BB64464B3999D332648FF4DB3F990E88968702B5DCE41A1ECBFB889270FDE0E9748ACEEEE331AA198DF346E42F5,NULL,15,12,88.05,102,31,20,2016Fall_ALCPT
0x010E33F257C03B7BFFBAEDA5FFA94B2465573A818B8EF64C96AE2243F2775B24077688E7B0A9A39DE93E69449302930C601F1C37B470DCB416E9B021B80AB841DC,NULL,25,11,84.05,102,14,35,2016Fall_ALCPT
0x016E7AD8E3A37A393FF2E0936FE40FCA491EB53D6521717721E88888B0D8C74FEFFE515EBEA190E1597FB0F2D4F7B6569E0AFC01007D6CEBA8BC591BD90CE3C30E,NULL,24,17,81.91,102,15,20,2016Fall_ALCPT
0x0105B311AE8AADCD27171EF2D542DEB5698B86182C842FC2E8B7329D23E14FC2DBA0901B58C497B3AA102356C98A02DB1A9CE6CACCC2271FAFD20BCA51181C4B63,NULL,19,19,81.11,102,12,35,2016Fall_ALCPT
0x01B6D48896F670A49038263D6742BFD75EA675116F59D92106668C5E2D371774F09AC48D7653A5D8D702AAC5DB372B7579C304D149D79E60B1701FE434936B370A,NULL,24,7,79.01,101,18,25,2016Fall_ALCPT
0x0175491B8E3BC7937ED8D26ED0E1F9CAE4F7D662E5E2B17D9F48CE44FAE3C2FAB29003224F2F1C56014FCCAD66086F2C45DB5CFF10D2A66CDEB234DFE820780DD5,NULL,19,10,78.76,101,20,26,2016Fall_ALCPT
0x01766DAAEF40CD5B12B6B90A5E20BDCACF8EF9965201BACBBE93610DF78709F2A2520457315D821D9C3EC95E2F9CAE42EB852DF30D43C74B282183407747C793C5,NULL,26,7,75.89,101,14,25,2016Fall_ALCPT
0x01AE1226BABED2258D53885AD8211564923517767CF23A5E7F74062566A3B5703A2C627FCE784B1D491E519A1FD8D8542BDDED382DD5D8747D4E194F1364AE585A,NULL,21,16,75.44,101,14,20,2016Fall_ALCPT
0x014EEE1D53EDE6DB0D88D32E3E2659F9B3745EECFB03F3C22D3D93685F200C76EA0E183020B80F1D8C74C1AC758FE5FEB31FACB7474B112A2E9046C4DB6F95B26B,NULL,20,8,74.6,101,21,17,2016Fall_ALCPT
0x016744C745200520571CF0888FC60CE9501846E8F9E87D0A266EB1AD4E27088F7BEA65497C9795D439B84EC6C93669265BC279D7CFD4471EC3458321787BA468C5,NULL,15,12,73.6,101,18,28,2016Fall_ALCPT
0x0128B36762B0638851A18C80782D46ACE3CF93F2A996D866108F70908AB78662DF356463FF2CFBEBA915A6B8B931396DF5A9066CFAE599F5A8CCA9AFD67DC69203,NULL,23,7,69.07,101,17,12,2016Fall_ALCPT
0x0186BFC05EC5F4172561B2DC53A211D53142294AECB0BF6C40E8B1ADF48011E0D1305CD801770EE618EA1C5A6E513DA0C40141E27364B0A31AA8E698243F0059BB,NULL,16,7,64.64,101,17,21,2016Fall_ALCPT
0x01ECAEA8BDE84F32B949010F982DB46F308C5631B46FFE8B4C831426A696B70AF6AEF202D23AD57AF2123535F4EFD5197FA38E51CD908F296697E1DFDE0CED7E55,NULL,18,8,64.32,101,15,19,2016Fall_ALCPT
0x01247AA0B6ECF88E2E69C824E2B3274FB36E5D1ADD600CF96690C304D90581A67E34D0F05C0D816AD527C1C259636FC38BA5B4B554E2A57D1052792981F6E04F1A,NULL,24,6,63.31,101,9,22,2016Fall_ALCPT
0x014E4B09F47455D326351F0BEF34D15A49EF8985D953303E267097AF87953EF81DF953D196AFD37AEAF0AFEC921104CA23849BD4139D93E909A1EEAC8824019758,NULL,18,7,60.77,101,14,17,2016Fall_ALCPT
0x014D32288F9C98DDDF56DF329CBECDE22EC16006DEA1819FC9AFB6315E944788DDC9A441AF49BDD4AD54099FC02C490E1FEEBD5C1DF841BAEF912817B8FAC246B5,NULL,23,5,59.12,100,10,16,2016Fall_ALCPT
0x015D98B183350995FA4D7301CD54280F4DE101BA909A88AAA134025CA1F36D5693E97117C26A42C01EB69C3EEB537698653309E29E8052B901A167BB99FBCC7508,NULL,14,8,57.16,100,13,21,2016Fall_ALCPT
0x01C479462683B419EC0555DB324B0CA5A7369E5101E2D7EDFE0DC9241B1E7C3B77E45C3DF79C9D6D6E9A837F89C49F4B2A9C56FAA3B638FCB01EE46AC53464F9AF,NULL,9,25,55.61,100,9,10,2016Fall_ALCPT
0x01B4B509A5E1C81B7C9BDE78461351B2F2DEB38AA7029554E7A94709E8FC7C31477D0C83F5A05006161D7060D00C8E531B6F684ADDCDA609E2496ED95439A5C067,NULL,18,7,54.77,100,11,14,2016Fall_ALCPT
0x01875D30C8BA4A8079F46546F194BFF1E823941A39FEF508DB023FD545E5C82F9059C14DCBD5152330854753451CF3F2E73B23AA80AD9E43DF2DDE831C70E79DD2,NULL,21,1,53.69,100,12,13,2016Fall_ALCPT
0x01676623637CD1262C606554861F382EBCA9A00FB6C59088BE22BFC017D8F264740835F298D9C4C207CF0FB0ED85BE2D4442BA31FEA8C03D5055D4593F237AA45A,NULL,19,2,53.46,100,13,13,2016Fall_ALCPT
0x01760A409E8F7D0903D97802620DB4DA38B8C4C57D416B3E7ACA53E061F72ECAC4C68BEA8E72787E8F8F9926FE9FA194ED7D9EE71C3BFC4D303797ECE6F75EF662,NULL,21,1,51.54,100,9,17,2016Fall_ALCPT
0x01CDF9789DCCBEC100AC121E855437DB50E676FD0B00E0C63B6644608C2A3AD2D0EAF500BE786A6C7BD87E079A951A22A859FC24C8F10C264361BEEDDEDF6AC63D,NULL,16,3,50.89,100,8,27,2016Fall_ALCPT
0x0185469D221B1D3F2116B12366FF79CC7FFD39019ED2C915416F2C955E9E61FE4426CAC19314AC63C2E7BBE6D7E7D7BFEA6F78BEE77DFF02CE9D8F05D882A868C8,NULL,16,2,50.69,100,15,10,2016Fall_ALCPT
0x016D6926616754413197E57BD126DDDC2A255AACA8234A1748BBDFA8D9800ADB21E5CE4CA57C500AE057B39571817AC34CFE3024E3BE42D60BD849E5643FB33A24,NULL,11,6,46.59,100,11,18,2016Fall_ALCPT
0x01F039B6D5EC37FB7E9D634C2A94E2E9A67FDB07D6FE2F11472AF1E60D6711ADCCC4546B30630BC252D1AAEB9370D0E2EE13D6FF20EA58565607DB1C6EFB2B8C7B,NULL,15,1,44.55,100,12,11,2016Fall_ALCPT
0x015CDDC207925CF7CDD5ECE6472E166F984557C4D8A92B7603E5C667FF96C511D39BE279B56AB0CEE00EBE928D420FFC392CD5C5B6205BA5A304291D2CEC6A6649,NULL,13,3,44.42,100,12,12,2016Fall_ALCPT
0x010F1EAAA4693BAD4725657A40FA4A010846DC5998D5855A4910E7296514C76E79AA81BA3525DF70259B5A58CC6D618BCB9A73A5D03602A6DA4EA4ECDE003078E5,NULL,15,1,40.2,100,9,11,2016Fall_ALCPT
0x0135C1DB794F23498438E4B9DFCA450B03F09424D949A79BB2A878CE4C1791F4B3DF2466506E8B151D94A2D4A07D05EF3D6E78D4DB412420F303FD8E6CDEB6EBE3,NULL,10,4,37.05,100,9,12,2016Fall_ALCPT
0x01A3A9A3F8E0CC02703BF3D85A2938C5FD003C74E7A8F1C20E735603BE5EB6A86988FB52C24DAC67A6438C76E3758428B3A7C6CC3AFBC50A2AD64D4255EEAE956D,NULL,6,1,18.14,100,4,6,2016Fall_ALCPT
0x01E867262D8F3D34CFB7759028C5FE9113318030BF95CA43BE0144726280807EE865407186623A9A22202BD14B6125DA96FCEFC9BED84F21AE830D69BA05A13739,NULL,27,29,125.58,104,28,36,2016Fall_ALCPT
0x019BC58D954ADFCD12EB2E0FAFA95A663437570DE404DB09EE99B87273E1ED31C82C1703DC03BCF52C8A421FA897DA13F5558B72B83D3CB4A617F18C03C627175B,NULL,32,27,130.83,104,28,37,2016Fall_ALCPT
0x014412CF48AE1764097387D3C4E0FFCCE111811B93BAD8986BCAAEF92FD1BF053D54CD885519A2294EE58C88DF3D4717DD5398C09C4D2C32F665788C3EE37357C9,NULL,9,1,39.96,100,14,12,2016SummerC_ALCPT
0x01FF7F3CDAEFF600EF7B001C4EF64D7DFCA77CA10CBFC3AA24294827035EA19722DDCEE00A0A8F7607D6026783248BA91E24A1CA716D6ADA7010858FED77588C18,NULL,16,5,48.29,100,9,16,2016SummerC_ALCPT
0x016211AAECA81925F654872BFC2D9A750F138605A5ABE27C877C31D6BBDE01FA48BA10418FBD0072099BFF20D8B02439E821B2163C187BCADC305EBDE30CB86260,NULL,12,4,49.73,100,14,17,2016SummerC_ALCPT
0x0112350C1856AF52D8FCD8AE3D3EA9A8CA678436819354CBD72803328923EB0BE44D2B6D2E84EDA745456997694238A6C1E9923BFA7B31D0B07A7C2186B51E0C77,NULL,11,19,62.69,101,12,21,2016SummerC_ALCPT
0x01FB70C996823F7AC8AFBD16D043DE484C711BFA56E8258F625970B31FA069E21C37ADDBD726AD414BF412C91EF22608221509ACCE4625619E4D4FFFE87E790470,NULL,23,14,63.97,101,6,19,2016SummerC_ALCPT
0x012A7643C6D9BD1CB093EABB3310F2B0126BDE6B3B07A2F6D90DC4FA3BB25819727063E09A2E08107FF142D950932E67168022748BA519E426D8282BA056C31FC2,NULL,21,9,64.09,101,11,20,2016SummerC_ALCPT
0x011665EED17C1CC0AD777435C94A5B449553D894CB9CB0C83046117182E8003F30C2EE3C19AF535EF0E4B7FE37AA8D00A4DA56DEC1729A4FD1B45CD8BEE3AB01EE,NULL,21,13,66.99,101,11,18,2016SummerC_ALCPT
0x01311E6E7F297AA4334FC0FB83F0BB4EF315E00725865FED524DFD38687D4F93E9AC0BA5C79DE574BAEEBB8FB1FECE1E8BF616A80EA8C735A4548CDEB109F54B4C,NULL,19,4,68.41,101,17,26,2016SummerC_ALCPT
0x01C6D3A70316A3FE7E4DA211ADCEBF30C8832E06F2FB41DEDFFAC3C5749AAA6A1D1D3091A4EEB44671B949081374074D4E20B4B6215AB3D76BFFCDB175BDB6BCE8,NULL,25,8,71.7,101,14,18,2016SummerC_ALCPT
0x019FFD418BF7D64620A564D84214E0FDDF11A9D996E978801A7B04AC65EF35ED978C9AFB267C62540BA71E0BE67DF574145758DB2BB6711B3612F77ED350C4D908,NULL,21,15,78.64,101,15,25,2016SummerC_ALCPT
0x015989AD075FE567925218EEAD6BF64D96B59488C8D24AC04BEAE3EFF7CF66AD4226032A4963DE95EFE969FF32BF6513D50A8BA5AC4B2DC7CB19E0476470A7B6D4,NULL,26,11,81.34,102,15,25,2016SummerC_ALCPT
0x01FDA96A0A7AAF701D9F452EDCBBC44920186426A76E0C32DA09C68E18375D100C99A07E564D044F9182D3FC19FB7A4E7760659B8C9CDB949B68E9FE0328E8F80C,NULL,16,21,84.99,102,21,22,2016SummerC_ALCPT
0x01C5C3A270637689BDD9784DF7C69937939127662555656E3DDD871EE9CC09517EED7BBA0D64A914AEA5AA6CE556C2CE3CAFC1430A184592D23ED02A030B8A8150,NULL,23,16,87.02,102,19,23,2016SummerC_ALCPT
0x0146D294F3FEA6E633EF29C5174D1427A39DF1A9043C066A61967E6DBE3B903917E6F1BBA86B7A15E8FF9D3F0CACA4E2D1D6C930842D6F9D4E4DE61EAE117A87F2,NULL,26,14,92.89,102,19,30,2016SummerC_ALCPT
0x01BDC08C21D9A5F0B0572C2E7B0A5ED07A6398FDC001E8D49E8D3BEB6D2899EB01F323D8AE52B1BB7536F0CFB2892EBC69D79EF8D74A97593C0CE69C3B4C60ED75,NULL,28,18,93.72,102,18,22,2016SummerC_ALCPT
0x0156EAC0F5B11375DB91B9F7BECA456BB6F9266024FAC95F862A48517E259D41DCDF75A661EB0F0CE57F0E4819C99AF078A9A4B6FE75806C1135E4B6D3C3815C4A,NULL,23,22,94.07,102,22,17,2016SummerC_ALCPT
0x01102EC45EE55D05B554E62AFFDAF9BBFFD121F128DB0322AEB77CF7D0BDFEFCC6B85AEA0D598CBAC1439971FA7C3E03EE0E4C1B8E4D31407D39EE06BC0C482712,NULL,24,10,97.26,102,27,29,2016SummerC_ALCPT
0x013C71F03CD531041204A6B3A9B3C3DA2EC3E804BC9BE11294B307B675C3EF61F073C0B0ACD2182E9136FCA53F85FB81DF1D6F221DC2A452B3E1231C3879AADC4C,NULL,31,17,101.89,103,17,34,2016SummerC_ALCPT
0x01C1FEE1F9E6B946965C7955A9034ED39388AE6EA98B8E422472405E4C1CF7679A17CB52B10B6C2CF3150A7BBC027F862FD9F35C36F662FD7B2A8074E569202207,NULL,19,26,103.31,103,24,31,2016SummerC_ALCPT
0x01E5F64BA713812288F9C3259F41E5C078779E158205FAC9B3BC209FF935AB64CC8B319352320FCF9F0D6B6009873A15E056917551FC829D12B7915D66C566514B,NULL,26,20,105.44,103,22,34,2016SummerC_ALCPT
0x0103B355E38236E2399778D024F890B01DE663E12ABE02991172715914EFAA6071C6D46D0498B148B9392F21DD5E8171CD69E5543831DFDADB9E29A959802E37E4,NULL,28,27,105.62,103,20,22,2016SummerC_ALCPT
0x010533B242F3B5D01D0CA40EE9E2AC9C83D7D9E06814ECB45830C4570064D8BD40077A2CCF9570AE925510443C8BC89F9D93A2D9E6C9DA9B1B555C67E0D818F7A6,NULL,26,18,106.49,103,26,29,2016SummerC_ALCPT
0x0198EFFAFE06C397F712E6A32FAA48F9163CDDD38B0102479FEC471A750922521B5D674E2771DB08A397FFA40A8E4C5A678B7B841A453A175124CA3981688C85CA,NULL,30,22,107.5,103,21,27,2016SummerC_ALCPT
0x015706C88DF71034CC88D6055158E6B3B54399A26D2C2EFFFF348BF6CA79A97707B4E73C5722D48BDF6AD19FD615DF7D5252981B97777B85A95B8CD3C0515BC4E6,NULL,24,22,109.11,103,25,34,2016SummerC_ALCPT
0x01255926543EF4FA9E027044695D777660EEAA18C60C4C6DD1EEC612725EBAA63B6E25681DF17768A9D50268FF683B85FBAE46940E65FF91874E0633DFF00CB05B,NULL,26,18,109.54,103,30,24,2016SummerC_ALCPT
0x012393AD3C95394ED317D30ECC75BF0A58E0081AFFFE07D5614D0E932391DF13295970164DE37DAE2D9BB4BA50FB5265AC94B7FA046B5873856AB7576A5D4F57B9,NULL,23,16,110.42,103,34,26,2016SummerC_ALCPT
0x0187EFE9B885AAB4150A7DDFC5609724A3DF099D3F1BB3F68138D53C2B872302D0B4B75ECA9D9EC32E88DAF70404FAC6BAA678572FDE1AA476ABCBA421267CA27F,NULL,22,27,111.18,103,29,23,2016SummerC_ALCPT
0x018B3D568F03C762B591C46DD6E83787D6A8A325A09E3AEB4B492CC3CDC858B695FCE5DFFCC48556AF06FBBDB06A7FD4036266C1AA5A12BA3A040229CF1E465489,NULL,27,22,111.63,103,27,26,2016SummerC_ALCPT
0x01688D4B389F7D6786607AEC8BF41BEC8650D0C9FBA6AF44F4A75001449542C31EF9A5885299FF6760F569DB7180F4742BD4FF96634C90FAD4CFB5D37CD3A86C16,NULL,25,29,112.45,103,28,17,2016SummerC_ALCPT
0x01C9F8160A11BEBCDC96BD3F240F47A985068F5B45CD00B02ABDACEBE4D9D0F3EA708B5483407A70FA0B8550D720BF0F170BC149E895A1BF2F9BA2C4250992F0ED,NULL,19,35,113.91,103,27,26,2016SummerC_ALCPT
0x018AF1742C06CB47EE81AFBD3125729EAC902661306E1D02EAC924CC70FB1795C6F2DE1191816949C6226130E1BA3D6F294C74D1D8657EEBF3BC3A9081B1D8B69C,NULL,33,22,115.12,103,25,23,2016SummerC_ALCPT
0x01503E51DFE67A196A346F4DC2DA758E1F0798E832981E3953F21EF12D58877A4515AD2C5739ABA4E2692DA832E2B6E7022EFC22DC241BD6EDC7604808540D02AB,NULL,29,9,117.11,103,36,31,2016SummerC_ALCPT
0x01DC4AB8E8302FD95A39F60A0ADD01A0C4C0A59A6F80D91181818784FDB1213D7E9903AB8E40B030C77FB40361B4AA56D0ABCDF35C3FEC5EF2FF4F521C3B87957A,NULL,28,17,119.07,103,32,33,2016SummerC_ALCPT
0x016CECEBC64BB83B52F3185F6ACB9669C9FDDF9FC6198315BA49695F2BD989FE03259ADA61E0A97990C247B507B065271B4D6A1B240867667422323BC8273E2729,NULL,30,20,119.15,103,27,36,2016SummerC_ALCPT
0x013A12DC881CBB8BDC605EDCAF5211ACE3D3B8B5CCB151576BB9E7DCBB0152CE618236729DB1CA14C025692CB7362566084ECCE152BA5471E3AC84C136DB142E5A,NULL,24,31,119.16,103,28,28,2016SummerC_ALCPT
0x01425346905A1BE74D41B7B928885356CFA5C5436E49DAB4BBA0FAD60F7F4F85CFEF834ABCD2565436EB1C5F2AAAB83C066EA0A811FF015735EBCB3DDF60CC5EAE,NULL,27,21,123.93,104,32,37,2016SummerC_ALCPT
0x01058298CFF70B836D89F8D5A4526A7BD1F089E5208A36B637861B4215831F1FE55AD35865CF8F6450559F4995E013DE74722460C642A6257F67D9B08CA94C2684,NULL,30,20,124.25,104,29,40,2016SummerC_ALCPT
0x01EE6F7DD3524BDB64E1AF5A8DA805AAD4660472A06D7CC5DDB42DDDDB8FCF547E16FCCDE904610598FB2F0C82ABC1D5235328E8DCD5362DF71D04C2119E6F6E71,NULL,29,40,124.31,104,23,22,2016SummerC_ALCPT
0x01814DAEC6BC1B5D2B7E8427AB4672C46EEE87AECED8122F980E3C4F67485D5F2C67686CFED505CC7227CAED4C005A7FE3A7666E3AB54EAFE2F44A95027DFBC4D9,NULL,30,17,124.45,104,35,30,2016SummerC_ALCPT
0x01ECD53763D9A7E208B0BCF7E88677705FE2BACDFFD8DC95A037F128EF7B02773C6E19B84AFC3D3B82DA51AA34371131948059DEB59DC3406AD96A158DF70F949D,NULL,28,24,124.47,104,29,38,2016SummerC_ALCPT
0x011A699675A8FAE7215915DD0E70CC51008264A9C17688399B5EA2C23B7A122355BF7C186936875CB8D07AF25B3BE52E0F51C1C40EDF4F204FD6CCFB8A996C1757,NULL,30,24,124.95,104,29,34,2016SummerC_ALCPT
0x0108718108F59CDA84A16563ECA748C88B2FBE674D310EC7E5FCBCEEAF37B8F6D7124B2DEAB0BA6123EDF9D7F5274542AF1EE8AF1CF8BC8CF7AD0A59DF7DB44E26,NULL,30,27,125,104,30,26,2016SummerC_ALCPT
0x01A16C495579D9C68A4CC52F696ED65A9C70B050708A2D61D918F9B3234E6951E0E5BB87CD94459698F9AA9E7832D57F1C7E57FD9444113FBA0852B8BEF83350EA,NULL,28,26,125.02,104,28,38,2016SummerC_ALCPT
0x010413D4FE8FFD80B2FDED0940948C7A6A18719838ACFC3131FF195F6882EC88B7A2D8BC8CA326591F6B6A6FE0DDC9C14A707A80977B19D1DE8D8C449642A2B0E0,NULL,27,26,126.03,104,30,37,2016SummerC_ALCPT
0x01CF8C8615ACDA5307ABDBB58DCC6196D5A500D54D158C472FE14F2CD1F51275C64D39D9E3E9515CBEBDE2384985BCDDC55D7E54FEE2D002E88D008BC6AF05307C,NULL,28,37,129.82,104,26,32,2016SummerC_ALCPT
0x01319AA2461753D3BC961158AB500A66211DDB17B787C65B6A7D57F2F9EE4842DEA792B2B24B866A09FFFF596049BACF90FFDAEA891BE7DF5883D2799BB82DE011,NULL,29,25,131.86,104,34,34,2016SummerC_ALCPT
0x01BA67D6996F82D08367C3E561A30585A00FD250F442E894D01B855770C0EFBB904835ACBC4411817EDDA9320FE2898E920A20B05B97D2C52F424CC409628FDA88,NULL,32,22,132.68,104,35,31,2016SummerC_ALCPT
0x01AC4971BD7DD614E5304D0284022C2442129B4E58FF832243C7735ADD60C03C17387FBE03187EA0B49488D4166AE47D28BD41BC6BB0022DB4EE72F504EAD2E86B,NULL,33,33,133.57,104,29,26,2016SummerC_ALCPT
0x01E4F38A0BD1281A04C3372677BC30000A24E3E6DAA64C07BBB14775DD7FE13B881AB73B08AAB99979E2F3B395B8456295B687D7B6F1373A54A926CA988D06FF51,NULL,27,40,133.68,104,26,36,2016SummerC_ALCPT
0x013C74BDB6A23214839BBAFE7E2871B69CA2DD423635499473BE542B1A67034F67134475919E3BF590A2F0797B33D5BA830A459FE376E96A92B434FA3B3D1F533B,NULL,32,18,135.38,104,40,30,2016SummerC_ALCPT
0x01481D49D74647C57EE16E066ADF7FA3CC0505B9F6E08AE50505A2CCD69F3567D213C80147DF4B1EE640D7773D70FED0CD6E01795E05C7D62CA247CC701C4821D9,NULL,30,25,135.7,104,38,28,2016SummerC_ALCPT
0x01ACE84DBD18F35D0D2E2C68192FC857AEB272F39F0EEF986A4C7395813C940E34AA99D19B8A08AF4124124E7DB2653CB8441F00D63F29AB3F72ED4AD3AFF5AA0C,NULL,25,33,136.15,104,34,37,2016SummerC_ALCPT
0x01A7E8A20F61D961A12DB649E2E70406F542862C58FC486A5D27EFFE8C7F0ABC53C01FC0193CC078312C5956B0836B8C8C0D6B39183D07129DD66F988787DE0A16,NULL,34,20,137.36,104,37,33,2016SummerC_ALCPT
0x012106324727839E0CD485DC15554F24CDF181947EBA7178C637B41A6C18BEEF1CB81C2C5BC43AE513681B293CDBDC65176FCBDE7F5B63064BFA52D4FA49436337,NULL,29,25,137.51,104,36,39,2016SummerC_ALCPT
0x01D40778ACFCF82B725358087AF9ED4C321F236B6DF048FD8804E7C1A8DCB3525AE835528D042EB406555154BF0E9105B2BE7CC8261490EC13EC900E7A239A61B0,NULL,27,29,137.53,104,37,34,2016SummerC_ALCPT
0x01D0E6766B8B5D0DCF17F653207533283AF0C162F917F0A6504E3430960ACE72939DD7834FA0ACE616245A8CB2B00E105965A2D1ABFAB7F31E96838D6C07129F84,NULL,32,35,137.88,104,30,30,2016SummerC_ALCPT
0x0125B949B26625BAAC97FCB59711FDDD168A81E9248358A29455B27C8FD5A6F010E5F634AD1D485086B77A7B682275A2F248B2CC2873DB151B6E219A2BD4E291E1,NULL,32,27,139.18,105,33,39,2016SummerC_ALCPT
0x018D68BC164C1F671660A1D92B7AF1C7825FC965CC2595378A7592A1AE7D5AA754CC5491CDC8A80C8812CAFD1A6E06C794EE95EC93A719C4FA6A5633EFE7AC547A,NULL,30,36,139.7,105,29,39,2016SummerC_ALCPT
0x012DAA2C85EF8A5C2BF8726D123E7575FBFD91E119D2CB44FCCFC502D7428137AB457A652C1530C193168B5268D15B8B23CE438E4E33F6D6757803621938B425A4,NULL,30,38,141.1,105,32,30,2016SummerC_ALCPT
0x0150309A41A51DC0D7036CC8933613CC0C9A6E569D645E8C722EEB23B5DAD88E0FDB8874D6854DD49AFA17D9BE7D664F3E5C05778AF9A8B17F52FE8845F3E60079,NULL,31,26,145.19,105,38,41,2016SummerC_ALCPT
0x012232CAF14004DE4E271D06704350BCCDFA3AE729B4340F252F1E3A69E12E5C060CD3EC146E2243B9FABD81C4DDB81D1A1F82B1FB90BC903943A8642BB03F4A0D,NULL,36,26,146.04,105,37,33,2016SummerC_ALCPT
0x01E37C3B99E1C3CDA542D91C8404D4F68BC228AB96FAACFAE4ACC635E2B266A85DCB83C77D81FAD07FA41465A71F4052C06B36CBDA7BBD6EC6129F394EEFC0ECF8,NULL,38,21,146.62,105,39,33,2016SummerC_ALCPT
0x0187163DF2EC4F6C624CEF0D8BA98F634E4878FADB13D49B52024834BE7A06868B015CF83FE08A5D9DD66E9417D387FD21D2A36156249E7DD4C8CE9C5FB9A1E7BB,NULL,33,31,147.07,105,34,41,2016SummerC_ALCPT
0x017C9E765FADDAEF8BBE86DFAC418298306E01B006B503E3E5A966FFF8A3A8D84C9409D5B124F356551AA1ACE15E233EFC05009E86192326CFEF924661703E4EA2,NULL,35,32,149.1,105,34,38,2016SummerC_ALCPT
0x012684EBE4DFE913D6FF60D9142F1543119605DFD3225A11176A626240CF59E90046983B95EFA6C72ABBACDE5D26E750D782C7BFCDB3A5F0D816BA280743DC6E8D,NULL,36,30,155.89,106,38,41,2016SummerC_ALCPT
0x0174E97ACFE5034CED0460700C6E33EEC1CF5C8CB012294F1497388967D6A9A7CF2D83C08B96DE8F1E79708BD24D7E3F3DB5F3E02C2D396C3861CA480AF9BD8F25,NULL,38,34,156.22,106,34,40,2016SummerC_ALCPT
0x01F7B68F2B0B3B548FA541D391C6D07F84C1C831C81CAD09AACCE185FD03537452CBD057AADF076B6265838EB87163549206DD9581711587119AA8C3D2F60F17D4,NULL,38,34,156.37,106,36,35,2016SummerC_ALCPT
0x0139EE8B7862F5EDB74AEB077DA8C3A9B5B2A8D4F04590876483862AE0A4C7494F4803ACE3FDF1D3E1432EAD1BB6133828BEC92E3CA3547E7D496DF70A26958531,NULL,37,34,157.38,106,38,34,2016SummerC_ALCPT
0x013DCC908C6F7D292F02B2097FA85775BBF6F4A424D148A7D95A591A16A611F68E94E4E735CA532B0F6EBE6E588BE0B2766A9EAF701867EBDFB9831D4907D2C1FD,NULL,35,30,158.55,106,40,43,2016SummerC_ALCPT
0x01CD3813D014FA3067FDB7B9D28B883E57DC849C4FE7931A81286ABD5781AD801C56E49A775724B4F53A6A165AF0EAC1772EEF40B6EBAE311217FD5910CE67F857,NULL,32,37,159.68,106,41,37,2016SummerC_ALCPT
0x0153E4073B05384CA117DB8CC2186C4DDBF05F2360DD4A0815E5618BA25CC93C234033FD1FAF02A96FC9C46225AAF9AA38A90E96E8C9D357FCD16F737DC57271E0,NULL,37,33,160.78,107,38,42,2016SummerC_ALCPT
0x01E9D12969B97DE89E505C69A06197473E2A6ECE664B17ADCB46C01A09DCBD18BE2B068C220F2F4336F530EC38EA95D83DECE8740713305AB2AEE82722D0C54595,NULL,31,43,164.14,107,42,34,2016SummerC_ALCPT
0x01341EFA36AE614BE80B3B7A6FDEB3149F61E9318E6BC4261B5FEF9B6CF8A280A687E1B7D966DAAF1E92F8388B19E8A95E13F47666C0BFCFECDE7472926A19F22D,NULL,35,41,165.35,107,39,38,2016SummerC_ALCPT
0x019126016C2DA38F3145AFA2947D88B1CC99D797F3926753189406B1194DBEC2007D86C76D4E79388CF4CBE9778B4EFB5EB961AF112C84B9A336232A521D6997AC,NULL,36,41,168.89,107,39,42,2016SummerC_ALCPT
0x01037FBADA335BBA6F8FD513534DE6F31E18430FD0FC4D84D5877ED19351FB4567AB9EE1A2031D86C02E88014B832610E05FB809697AB9F43D2E434AD45D7193C7,NULL,39,38,169.71,107,40,39,2016SummerC_ALCPT
0x014F8B7B38A1DE4C8636FF2955A2ADC219EDD000765A45E46473C60030BCBDEC92947665CEA878EADABF4F50B37F37CFB671B5A327C49C43192B6CAB61DF1C557E,NULL,40,36,173.4,108,43,39,2016SummerC_ALCPT
0x01B10F5B7AEFFF5BD37D6B920990C23713AF8B9310EE8CEB0DC04EE8129AD20D3AD0DAB1373F7542D9BD95389A5ACC0673E083604D12183C04387EF47D7E74FCE5,NULL,38,45,175.02,108,39,41,2016SummerC_ALCPT
0x019CAD41309627B46EED0375A14439C354DBE953329F1D75359A4F814D19001939E7E2C1F7F4920DE9D0F4433D0A1742C3DB324EB6A896D053C1315F40AB7F788C,NULL,41,38,178.39,108,43,42,2016SummerC_ALCPT
0x0167CE17E8CCE5FC41C9A8906E1475BD37ADAE3F07CCE6EC61DBC8E1B0581C3D9C9030C9DC9505206CDC004A1BE0E7472BAF86EA41F3620FB56279DBAD60A68AE6,NULL,38,45,180.82,108,43,41,2016SummerC_ALCPT
0x019FD888675C7F3562F0E3EE464E9B616A087BA817D8522B4D95020E5DD26561ADE95A809427D112CF34E6D5C1A7695D8BD67B8E1E90832F43B278895FB3BE3FDC,NULL,41,45,181.04,108,40,42,2016SummerC_ALCPT
0x01C35B6FA1943F4A944BCD891325CEB6D730BAB2842C52CEB64D6BC2DEFFE316FCF281F381F3838F1D5F0AF53C79F063D368590D68542D208CAAD7B615408F7C7A,NULL,39,44,181.16,108,43,41,2016SummerC_ALCPT
0x019C871A3DCAA02E0C5D56DBADAD8B3329F84E2F6B6263FE54C01117FBD8101C8A88DE7144D15EA70259F55B1020630B97F57C5559D13685176D02E757A0C6DD03,NULL,13,4,49.97,100,14,15,2017Winter_ALCPT
0x01F6F085CDD0CB8B1B0435790F3770E4CC11A82EF1C044AF6EB9670DBD1F09D91B5A00E6179A5C797F036AE7412550F48F426DB86183EC0088D9AC9951FF3BC220,NULL,14,2,39.86,100,9,11,2017Winter_ALCPT
0x01225063622C872825265BE34AE5AAA947B943385450C1963DB7AA0A414C764D5F286E33194D6D4A995F4E7E15A6DBCAE66073DF74DDD19014A7A3BA2A2FA5A9B3,NULL,16,11,67.19,101,16,21,2017Winter_ALCPT
0x013F37AFD61E075778E733AB96F0D241D91937805625B90150A327D9B385C9067436E313849B0B0F39F31C1943728E06491F0162FEA56D66B439AD86E15060BD8D,NULL,28,40,124.27,104,22,27,2017Winter_ALCPT
0x01555D4BFFE1161DF7BF05F38A2CF3E34A2AB3162DE6791397B240AF06F4CC2A6165D53F9325CD412D40E96AA09F91B9A74B24325898FEC6E4D7E231B08EC72532,NULL,32,27,126.28,104,26,34,2017Winter_ALCPT
0x014E4B09F47455D326351F0BEF34D15A49EF8985D953303E267097AF87953EF81DF953D196AFD37AEAF0AFEC921104CA23849BD4139D93E909A1EEAC8824019758,NULL,24,17,91.56,102,19,27,2017Winter_ALCPT
0x01EC49875A9CB23A49CA04E9D2F0BC766621124CD945BCDAFFB48BE3F14A46C03A81B0397C9E7898F76F81EC96B5196B380F2379E4DBF2ED797CC1433607AE8DF9,NULL,32,28,129.78,104,30,28,2017Winter_ALCPT
0x0185193CAD2608247A1B93159BCCB18FF5D2F22E74554560EC4806FE93C83D72E0A347FE83DED266CEAE628083F7E5B51746697012DF936A55C3BB602AC93A3648,NULL,12,4,41.58,100,8,18,2017Winter_ALCPT
0x01B6D48896F670A49038263D6742BFD75EA675116F59D92106668C5E2D371774F09AC48D7653A5D8D702AAC5DB372B7579C304D149D79E60B1701FE434936B370A,NULL,28,28,115.92,103,23,31,2017Winter_ALCPT
0x01059DE860A58624F87A34EB895F21CF9A69C2A06238A496E439CFEFE469AEA1D0E2AB548EA45980624FD6EE1B73BE4CA89B104B91620A27181815F2A23CA6269D,NULL,30,32,141.85,105,34,37,2017Winter_ALCPT
0x01119F9CCE447E1602391AA272802F5BE0B838B7E5862BAD60BF0B77913C4D73B0C9A70470B3CFF589AD4F68D24C836C215E518130B7F27EA0410AFB00AA2EB44B,NULL,32,35,132.63,104,26,31,2017Winter_ALCPT
0x012EC0E20812E0793702EB3412028257231B08C4B1C3D8D7BA06F44736A2A4448646401C3921BB4F5870ECED18B930EA1AF1ADC5888D051D3749C137102EE184C5,NULL,13,4,45.27,100,10,17,2017Winter_ALCPT
0x01B5C9CCCB7B5D5E726B6E9305A7A53B757D40346E5A1A0B7736A72D2F4854BF1CC580DEC9270CD3481BD9244A142906A5AF5719035274BAD025233C2EF379D55E,NULL,22,5,51.78,100,7,13,2017Winter_ALCPT
0x0167EC633DA458EDD57FA5FC26D8FEE4A182E8B744A26A86D06B7F47C9E25B8414E721BF17676D1741574904526CC010E4E829D2B274651CDF00EB2EE238CC0367,NULL,24,19,87.71,102,18,19,2017Winter_ALCPT
0x01F4833D90B7B35870BC0FB5347E5C1211E9F5C0B50226186FD9CEABA05247E3385333117FD7FDF9EF6F0EC88080DE0FD45BA4D3B7ADD2C040F59FB3DD9E1BC383,NULL,16,22,67.14,101,8,22,2017Winter_ALCPT
0x012C6ABBC8E3C522E8047C817285B78335EB8899962CFBCF53D2A2BDA16F1359BD78B2D5E88580B3B022002F4F5F2FD064BF42EE489CECBC5E038CE6866353F709,NULL,20,34,109.55,103,23,28,2017Winter_ALCPT
0x0123560A6AE08DCDCCD8E919EC52778ED429127FC0A9DF21F3146B1BC20EEF3822364AE8D610E7BB5EBE50E5D1F0852D57DB2B02BB193DB387195B7BD0076D3487,NULL,26,21,100.74,103,23,21,2017Winter_ALCPT
0x01BFD0141ACEA178CE748C2BDE56236A95DB54B782A876E6E3DA45AC00361B62307033AB501040670891E3945D90C5719F4733E818B4D9A6EE37E4A02CD9D17747,NULL,36,43,148.19,105,26,35,2017Winter_ALCPT
0x01944F3842D70D640D10DE3F308EB4630A8340FE68E52A991C0D259A697E04FEECEF34783800552FCB4FE28BB0428F07A83779CEBD101071C953159A753E6D895D,NULL,25,31,121.75,104,30,25,2017Winter_ALCPT
0x01545C4D84D36290CAD3B49D0401D16D0238002368F6F65202AC24F87BAB9C5E7485CB841A0920FA4EED838EED0D5FDA64345D92C0A8DF169911FA19FB00DBEC87,NULL,36,33,141.84,105,27,39,2017Winter_ALCPT
0x016F8CB167B6DF88D0AC15702DCED36237D78BFA970AEE60E7898D8BEE2C7A07BC1F552163C0A721339E088B5EADF57EF1A57509DBC007B335E856F4E6A1431978,NULL,17,4,49.38,100,8,20,2017Winter_ALCPT
0x01B92D0EDC61B199B0492FF794FB07F9D0C067475692AFD3E23D0705A5A6AE1EE61D742BC93170F95296661D27B5EF95347FB8F9E98629299E6E9DF245CD608E04,NULL,19,3,58.11,100,14,17,2017Winter_ALCPT
0x01FD685A16B7EB461CD2E676DFD667BEBD3782CC72FF25C5F2A613E5CA0E73240B23EADAA592944443F4F416897F82D158A0476F783E32D9B0FF6D7EBF64C88EAC,NULL,17,3,43.78,100,9,9,2017Winter_ALCPT
0x01F2AAAA491C504402AB262B2C1A3FF8B23B7ED2A42C026E73B20B8E405572951702D1975348AA6C4E80795BFD7311E2454B1057C702684A2B1CB17FB68A8308E9,NULL,12,19,62.73,101,13,16,2017Winter_ALCPT
0x01635087E7D5A8D227A0DDFC35DF1801B2908981538DE6466CA62F3E579D0CEBFF0411D609DE54514355F138D59DF4AEE2739444A53F396420B03BED1D4249CF93,NULL,18,10,58.67,100,12,13,2017Winter_ALCPT
0x011BFE89785F269F5935EC40DACB09DE8532318C078B6B25A42DA5D6EE62675BA1FF08275AAC96DF57F64099B09C869BBB84BB507D13DFDF3A941AB9B299A2A73D,NULL,11,7,31.39,100,4,7,2017Winter_ALCPT
0x01BC8C31CFF4DEAC260507D57CFC2C658FE9A8D0596AFA2C094F1A30E4DED1198C1A45449CE026E18829C16A77DEDD57B3117C0CB9FABF74FC17E98C32AF694FE3,NULL,19,7,52.11,100,9,12,2017Winter_ALCPT
0x01EBC7FBEEDD055F7AD0C05FCED1C66043D7987C208171C02D07E2A8AA4740173EAC4182F8826F9298D6FB561559FDCF170B0C24AB9A4DF5CF1073A2B776CE3D22,NULL,12,1,34.38,100,7,13,2017Winter_ALCPT
0x016DE41CCF44D0EC5878CE2763D6E9876EF97AB97AF3C17EEC851B8A12C229B0C4C0908BE0FF85496DFCD15BFD927DDE35CFD3B493695705C76B4A3E90907FFBFB,NULL,8,1,18.67,100,1,10,2017Winter_ALCPT
0x01E60CBE9F5593259EB4C617265755147173660C81390E6285459827B9ADC8538AA0EEC4F5951740F988F89E1F1351FE6536AF698E5FEC5480EEF52A8523F84018,NULL,16,3,53.89,100,15,14,2017Winter_ALCPT
0x017CA4839926CA5FB462A7D27B8561685A7A43B9B786BCD92941A489FB4C22E0C2FE393F6BD82BFA02D44ABCBB39976AEEAF29EA65BFA58F51AAC77CE38BBB5886,NULL,21,9,65.94,101,10,26,2017Winter_ALCPT
0x015C6CCFC759D7704A9C4AAAD6444BE806B702518A1328E2C99AEB977FD9C44D23E5DED86FA1F1E266FB8D98A33AFFD5232B118291D092C9D324224FBAEF843C4C,NULL,16,20,83.99,102,21,22,2017Winter_ALCPT
0x01FDE7C82F6A1079590499032520058765FDE2EFC047FFF3D9522E5E97A839AA105EB1A4BB92DC82E89FB40837ECDAA4E78C441A6AEA8A4E4DF39C4294C860FE8B,NULL,19,12,84.36,102,24,22,2017Winter_ALCPT
0x0157866049DF2010CEB3B7FE8188A5E7AFA2582FF8D5E39B5AC038D57CAAA09A1BE57352A65217D381F61D9016D1185FF21CDF2426909DA912813EFABE5A79CD38,NULL,21,11,72.64,101,14,24,2017Winter_ALCPT
0x019BF7CCC5158C7C61C1DA18D2F02F2D79460C216CE4FD456F59E3B49F3CD7BE47553830BA5CB32B6B92629641008DA7C1D3E60ED8F5AFEC6C87EB59508DA2AE5C,NULL,13,26,82.17,102,18,23,2017Winter_ALCPT
0x015EF451E57D1ADEE7411E7E4D57E503745F22B9608A9877F4574016493461641400D1C7CCE83047560F482CA4D2214D210754A003A69F6CF62FD4B64283436A32,NULL,27,22,89.48,102,14,20,2017Winter_ALCPT
0x017AD3DB6D68FDEED6BFA6D76915DD8A9944DB659C4C02AC1F23135611D3F843F0FECF670E6F5FEE56394A29FEA723DC16F4CFA0A56755BE6235E7140FD90CD17F,NULL,27,18,85.33,102,12,25,2017Winter_ALCPT
0x016E1699E78D7774A92D84E8840E2C083D15CA3B4D01FFEE5E6C70336E746BD29D930873A6E008A086861F31577E197F2D633CB55C6791BDB2678F33F53B7E9052,NULL,21,21,95.09,102,26,15,2017Winter_ALCPT
0x0145DC5295EED2A2BC2C0958387CC3A7FD8B6B48949B0019972FF1EC9B2D2D20F323AC4479CE1643BAF5B65AC6E31ED09B8126622324D0A82904CC9CF3088792DD,NULL,24,29,95.81,102,11,34,2017Winter_ALCPT
0x014021E2FCF5036239BAD3C75E57DF473EFB6515B70D6A50CF0F77CC33EB55C2F7D7A56F5BC7E4C06AAC8077A430C6367D8AA8E53F358455127FB72F1C26DAB04A,NULL,25,24,100.8,103,20,26,2017Winter_ALCPT
0x01EDA24E08D60ACC9F47AF2A4FEC5B5D3E5944DD9768B953F5508E82D014004C2D8FFAA15CD320C8A2A3263EAA4A99AEBDA90089A24D80E81D11883732F69C6620,NULL,21,25,105.49,103,27,24,2017Winter_ALCPT
0x01A6E002512C25646F0BB6FA3DE9908AD963721863A46DC1A91F05C233360280A9F7CFEE2791C633EB05E3E2A0C1EF2A4B832D66BE4946952EBADD69DE44406F4F,NULL,25,25,112.55,103,24,35,2017Winter_ALCPT
0x01140C1A5BB10443E8325FE3E499359380A336AF8C86F83CCDDB55279B85206B3B87CD89AEA8F6A46AE70CD113E85E6C04A08BB3449ABF621E47B8DE5E761E9F92,NULL,29,21,113.51,103,26,29,2017Winter_ALCPT
0x019DC83F9B836069F7A478C9111F68F9E43104272AC33AF5D4E90CC90C16F411B6DF3E8E78907143C6863A21DFAC8B3F8B4F77BD84BFB20171395BD296FD7EB5A9,NULL,26,25,104.04,103,21,25,2017Winter_ALCPT
0x01012DCD412AEFF90AE87ABEEF1C0592B01DEBD3BC6794A6DCD5E030446D61D0499749CE7FB6D2D121E763BE6250274F1FBE19278B5A4AB6EE544E881C9DDFDDE4,NULL,28,17,100.52,103,23,23,2017Winter_ALCPT
0x01934D03E831FDA59F2A3EBF4723BAE58CAFA25079A2B3D87127A5A99729B07FAA7884EC07417E47476251FC2274A15E83198B825AB344E03450420A0CB4EAE5E5,NULL,28,26,111.92,103,22,30,2017Winter_ALCPT
0x01922B4991D489DCF5C89655663D76F4191E6EDCFD4A107F4892C9AA84B20ECD1AB6AC4800DCB07251910E10CA9D5F0125864F1CBE3C4717505AAD7621BF74A2B6,NULL,20,26,99.35,103,23,24,2017Winter_ALCPT
0x0185F262060C43DEA55148C975702E1C2C546D7A7345F611F899B9EED7DD17CEE8FCA6D17BFC07555E442AC0858A1BB1909214DF824012C8A27F691F315AFA9FD7,NULL,26,15,105.29,103,28,27,2017Winter_ALCPT
0x019EF77DBC73E8ACB3865F7CA225B9FA4400BAF705120C900FC6B654C716AF983B7F950945BDDFF12F93E6D770FEE3E4A0D40BF03F53FC77EB9194008569D63A11,NULL,27,24,111.63,103,26,25,2017Winter_ALCPT
0x012EFFE4219BAC6EF93B9783799CEC8EC8872AAE49756A80BB0893B7F340C67E86230FCD7E52C904A7273C0B0485FEF497DC172C74198857A03BA968D7264F18A6,NULL,28,22,118.27,103,28,33,2017Winter_ALCPT
0x0190B473062E0893D255E180D28C7B14E099CCE04970D373744BC9225619869F71A7DB69BB9692C301180604EA97CDF67E088F2A32B6D775D27F5486AF7C98859D,NULL,30,11,109.4,103,28,32,2017Winter_ALCPT
0x0197F50938B679AEDB018BE6564F6B6E98743AF29D6091F270C9662878938B567E2E4B483C9AD41DF97895B7B3486989005757DB20E544744DE4287E2EE569EBED,NULL,31,16,109.04,103,23,33,2017Winter_ALCPT
0x0132B6BB1FCCDEA34CE64EAED9F296D1E6410980C7DA85A521E46A3E5F27AA222FB613BF2D24B9ECE0C6DAC7D171E4C5C305AFC804165AAC03DAA7ABBA12F8FF94,NULL,24,25,113.31,103,30,23,2017Winter_ALCPT
0x010AA3CF522A0160EE63D2CB772A436A36F0A59854C803A7E6DA495C980487DC375146976C731AA90DB8142FBDFCA51BF048475090D48B8478C1137F3EA75D14D8,NULL,29,24,115.56,103,28,22,2017Winter_ALCPT
0x013121AD27E39165C9301A83B435EDACB0A6564EE786C9892091B054E25BD928CE414044748DA9449FC4DB5A0724FBD9821AF46632E63EDB961281AA9CE792ADCC,NULL,30,21,116.25,103,30,21,2017Winter_ALCPT
0x01157C2417F13CDD27DC21456EDFCF6D5020301AAAEC2766E331DD7871E41D76A454AC42F00A57CEF430A6440CA21444FE7BD42E123D0EF3EE5FBAE6713CC581AD,NULL,29,21,109.66,103,26,22,2017Winter_ALCPT
0x0165F42601ABD59FFFCFFB31A0F5140B925A978A709D3A6D802FFB2803763E23A3FB0F27803B3A0BD43CE3826BCA88393633287CCF0907A08B9929C1897BD068C4,NULL,26,19,100.79,103,21,30,2017Winter_ALCPT
0x01D4759C9C6C93F5F3888D0E0C2FFE476D764220F4FCBC843B54070B7BE1C00CF114DC9659E38EA70E082E14B482A072BCB5BA0356F088706AB737CF1BBBBAEDB4,NULL,27,37,128.83,104,27,30,2017Winter_ALCPT
0x01157E6BFAF20750536EDB8EFFEFA49AC25808CAF4626134B93450DDBB2CA26F5B29F59576AF61D4E092A72BDDC52A78E1A7EDDB5696A68E0B44FEFB71CE4756AD,NULL,35,17,120.25,104,29,26,2017Winter_ALCPT
0x014E8F02E85ECB84E14E6C09474AF8CC85C938E2EB9E383754E30DDE2403EA74ACC637A7AC85E04C15D91CCE451A524E30F0AD6C553F03C4AAA69598B0C3621FAE,NULL,34,30,142.11,105,33,34,2017Winter_ALCPT
0x01E63DB5C5445901AFC1126ABF1F0957A0918E9362DC4B1EB519627D195FD2CB28B534241998CED85963465A173238A2F316C59DE2D3CA143208163C88570A851C,NULL,29,37,121.16,104,21,27,2017Winter_ALCPT
0x014417D3D6B8122827F4958704C6404A949ECC24DBC602BEFF4B2BB039646E8DE3E53CEA5C289794B61EFDAC10F258F27CCCB361E6A480DE34A8DDFB66BF5A4EAE,NULL,26,26,135.19,104,38,35,2017Winter_ALCPT
0x01B4905FD5640E63611F302815974CF5642E36FF21A35F2AF582754EBE2181C2279B56545CCFD6F00AEF20D175A964030C15A9437264558A86B4228BACA615C86C,NULL,31,19,136.69,104,40,33,2017Winter_ALCPT
0x013184EFEC52CEBC5ACBAA2AD32E4CFA863A6F34EA8EC0AA5FF754D54CE875B6EFCF8A3A447883EC7C4E9690097B4A8CB006D338B7E2DB2398547B9610FB1D94EF,NULL,26,35,125.29,104,28,27,2017Winter_ALCPT
0x017E54127CD80AF6B161E944B89F6A05B293F1DCDFD94DFD126A7BBB4756B2EA7AF151AD745B1D0692FBE50B60078A36ADAE18D44354320A48E3D88F75F6782010,NULL,30,23,127.7,104,35,25,2017Winter_ALCPT
0x01972B3B79F47EBAACF105780563DACB684D5836072F8CBD0F864D5937BEE9A54616A64CBCD5890B7C800E908D7D6B74E1A965A128D4F0B7D7C9D7DE37825231B0,NULL,38,21,144.82,105,37,35,2017Winter_ALCPT
0x01C02DB60F263CDD16C0309078CDF2A9AD8448AB31736981FA1CB7E05E9C4B4FE327712C3961760356954FCCE3C4E5366646FEA3605879BE61B5463EC4715BB932,NULL,30,25,131.2,104,33,33,2017Winter_ALCPT
0x01D2FED2789479C81D20A418FB0B70C0B7B8A90803E4941442E117D7A836E1FE903B9C5C220954E9FDE98E10BDF53C2C1BA3AC3FC5BDA37D118CEF83BD0844308D,NULL,35,23,128.1,104,28,32,2017Winter_ALCPT
0x018A63D8C5D9E2E87BACD416E84284B92C0617233AA2D03E41A0FB5C389F20F5E7BFE41CB5869C76FA892039B280191C1A2B422447B9EC307F90DBA0C0131F5C45,NULL,32,21,137.73,104,35,42,2017Winter_ALCPT
0x01A6AC764DD48AF68412777A0CC2F0A5ABD96C1EEFB3B6C397717674498D8669A68D01DD62BCBA0F5BC5D556E40399798AB8753E507398748C47AE1FAB442167D0,NULL,35,18,139.6,105,39,33,2017Winter_ALCPT
0x0196D05806BA926A6B04165B6A4E0439634BB3639D6DA02107D3BD59A4309AA8FBDFA677143E5C7C34D97264B55B6169166D896BD77C7C4EEFDC1591D52948B373,NULL,32,29,128.83,104,26,35,2017Winter_ALCPT
0x013F70B09CDC96AE4F0603C80E38A95E62EE5C2F59117EF429272074E5BEFBD437DAD055BD4B93B39F0B59767B16274130CB226FBB6D0DF02ADB8DD4469FFFC885,NULL,34,30,145.91,105,36,33,2017Winter_ALCPT
0x01F7A3BDCDE394504A9694131DDC1E3DD9B1857AC4D01748FD95FA77354949A0A2299CAD944888B448E002D4E42CCAAC088A84A0F48FE8B8F074271148915B40C4,NULL,35,27,151.75,106,37,44,2017Winter_ALCPT
0x0114C951F90C5670CF9F13808C5E2DC4A7B34371E2A4ECF631249C9506548B0126DCF17BEDAFF953083D51701BC1B379068B8B718FD5E098AEF2B3370F7C9C756B,NULL,38,21,145.92,105,37,37,2017Winter_ALCPT
0x0128A2885A13F0369990217D29737EEEEBB23F9F47ECDA502035AA16D934B585F3BA56E70A21F40F9FFDD217A7C545394EC7EE35D156DBE3B58AEF8F27725EC832,NULL,35,45,157,106,32,34,2017Winter_ALCPT
0x01D4C8F7FA81066EF093EB00A45990DCE85926468F4B4FD85799C8159822BCEF0720C182B6408A40BC077A9432312ADA9D7A34EB9F4B94B98CB46F28B697701D80,NULL,35,31,148.45,105,35,36,2017Winter_ALCPT
0x01F4AF0DFAF126C437C97CEEFA8477D6F0A24C07C32A9574E39D345B88F1F03918E22CF2EED26B02E9A829EB2A2FBA38DCE72B2156B0BB40B01B7357C15F8D0C42,NULL,36,20,148.04,105,41,37,2017Winter_ALCPT
0x01DC7AE922E0CEF82F0C8499440C39262696038403D9E569639275E09AA7A0D4AA63D2F2DEE6FE688E379FA15926DACEAD856ED556882DFC5CAFC74A2161465723,NULL,26,34,144.64,105,39,35,2017Winter_ALCPT
0x019E69B1BF9BB14C43065155A5C9BD360A4A681C54552EBE819186B57F7FBB8921A9D66560478348EE9D54010466B2FF96F526F3DC2A4A024D3B19CBD008FE1306,NULL,36,22,147.14,105,39,37,2017Winter_ALCPT
0x01076369AC935CC94D63E6B6E7647BD25549B045D52F463C562F02746C5B642E95DBDC98C74EAF5C22A4552E8BD0DAAE1BAA585EE11CD79CCF2EEF0CD0F2664671,NULL,40,31,157.5,106,37,35,2017Winter_ALCPT
0x0120AC42C1F7FF5E03620CEEEAD157E858FBDFF672F9AF3C714CF3F56ED7A6E712D86DA67D770B231831B122D8484E015C45EF2C31DEE6ED2BFBB55EFBB8084612,NULL,35,42,163.8,107,38,36,2017Winter_ALCPT
0x01DAE9DE32B065F38EFDF51BFABC7746FC9D3096EEA5A754E2C96F6B7468F09D9974C0C8E80F20069504193834A438E7DC34303C3C07E7ED47BD3511C9FACC8B83,NULL,38,41,163.37,107,36,35,2017Winter_ALCPT
0x01A87B2BB49265DF7FADB40DB6B0F726D443DC0F009EBE5184FB4D3681AFB3D0BF5D795666BE69DC66061932B9521D1E514C7DCDC221926EB29237F537DED58AE9,NULL,36,47,168.14,107,37,35,2017Winter_ALCPT
0x01D75706CD82420900B8FBFB5960B9D3509D5F7343EFA5746BE49305705572E204BED02864FA9FAC3920E5C524CF9D9B72ABE0C95969FFE85DE6EBFFC24728ADC6,NULL,37,42,170.48,108,40,38,2017Winter_ALCPT
0x0150BE18C453C5F7E0D5501653922C6112DB445E602BB4B533D5B4BAEA76B175BF645D8830AC668BF3AFFE1C96A8D7A2BC15D4F30BF7523F92B8C09DFB6B54B097,NULL,31,41,155.29,106,35,40,2017Winter_ALCPT
0x0139EEE4821A1BFD8B9F2B8610EFDF9BC518D6046DD76BCE3FC7DC700C6426B90B05C64E36D68AF81814BA64FCBFDB1AFC0E272BC59B7765B43D631B14D14B9661,NULL,40,50,187.8,108,41,45,2017Winter_ALCPT
0x018A0E3104FEEC020E30446C82D82060DCA051B7322D4802A36A19B5B813BAC425585EFC4D345D9956DFE9C12021CB50F33F613AFFCC36A16A3796E8E396370C21,NULL,42,56,202.28,108,45,45,2017Winter_ALCPT
0x01A57E4B4F47B6EF7A84D24E326D30FD70FF9B9DE94D512C2617984504E61C9DEA2EB8AEEA650C9DB75001A006BA79855BFCF64A23CC38B5BA0361DC26E10AA2DE,NULL,28,41,138.67,105,32,25,2017Winter_ALCPT
0x01F1742DF27C28F549A837FAAE8297D6F9503EBB9535BE34EAF573CB9DE1E3DC32878E1D53FAB3C514F2A40886B9763FCBCF4A453000648463248E6232B287E909,NULL,24,23,96.96,102,22,18,2017Winter_ALCPT
0x015B8664CB00F585D8A517B38A35872C11996496694281416D06008B83C014BE598D89D8530E034CD80F0A19208211874FBC49FCA046F6609215A4769B7AF43956,NULL,23,36,98.32,103,13,23,2017Winter_ALCPT
0x011D5D8C850C91E15D616777EC6A5E0450BA706D2225B1CE79FE9BF21A0917C929A1CCD563C6284F1DBC2DC58A57734799F1C73AD9E358476B5F1DEFE66D3D24B1,NULL,24,30,104.71,103,21,22,2017Winter_ALCPT
0x01BE75D42A5309C71F1BE6A3840E9846F5345D702E298CD4EBAE0FDF0F5A794598EDACAFAF2CB01DE39A2CC754328AF74CF18981AE853CE5630FD74EDF2F133278,NULL,18,5,47.87,100,8,13,2017Winter_ALCPT
0x01B801303F37241CC2908289335DB1368EFEE7818071AF115A23946179FAD3697937F9462E2FF8B71835CBCDD4495558903D659582984002F0653AB1ED5EED8C48,NULL,26,5,51.14,100,4,10,2017Winter_ALCPT
0x0149E6103360B82B6865B235E6369F0A58377B2C2B8C4CD2E93697AE47ABCDB15466D1EC19362F8F3BC6ED5A9892615B8BE6391169515CD54DD75DB4DD05E5C0E7,NULL,NULL,13,44.9,NULL,22,NULL,2017Winter_ALCPT
0x0187B0FD2FEC89F633C245038012F2B675D73009D094F2275ED0FB58CB12BEE8B4DB12F5A45DE5C4A3F75918E4A4D55E1D60C01E9C95C97F2FE887EFB1E75A028D,NULL,23,18,84.62,102,19,15,2017Winter_ALCPT
